first_prev_rate,final_prev_rate,prev_rate_div,fn_div,fn_rate_first,fn_rate_final,fn_div_rate,real_fix_rate,work_rate,sensitivity,specificity,fix_rate,break_rate,tot,Pinit,Ninit,PWinit,NWinit,TP1,FP1,TN1,FN1,Pinfix,Ninfix,PWinfix,NWinfix,Poutfix,Noutfix,PWoutfix,NWoutfix,TP2,FP2,TN2,FN2,Pout,Nout,PWout,NWout,TPout,FPout,TNout,FNout,Accuracy,Precision,Sensitivity
1.0,0.9852104664391353,0.9852104664391353,1.051219512195122,0.9328782707622298,0.9953810623556582,1.066999943671492,0.014789533560864654,1,0.07,0.0,0.12,0,879,879,0,879,0,59,0,0,820,59,0,59,0,866,13,866,13,4,13,0,42,866,13,866,13,4,13,0,862,0.004550625711035267,0.23529411764705882,0.004618937644341801
1.0,0.9738339021615472,0.9738339021615472,1.0338573155985489,0.9408418657565415,0.9988317757009346,1.061636192069071,0.026166097838452806,1,0.07,0.0,0.44,0,879,879,0,879,0,52,0,0,827,52,0,52,0,856,23,856,23,1,23,0,28,856,23,856,23,1,23,0,855,0.0011376564277588168,0.041666666666666664,0.0011682242990654205
1.0,0.9670079635949943,0.9670079635949943,1.0228915662650602,0.944254835039818,0.9988235294117647,1.0577902197023388,0.0329920364050057,1,0.07,0.0,0.5,0,879,879,0,879,0,49,0,0,830,49,0,49,0,850,29,850,29,1,29,0,19,850,29,850,29,1,29,0,849,0.0011376564277588168,0.03333333333333333,0.001176470588235294
1.0,0.9590443686006825,0.9590443686006825,1.0268620268620268,0.931740614334471,0.9976275207591934,1.0707137860162772,0.04095563139931746,1,0.07,0.0,0.7,0,879,879,0,879,0,60,0,0,819,60,0,60,0,843,36,843,36,2,36,0,22,843,36,843,36,2,36,0,841,0.0022753128555176336,0.05263157894736842,0.002372479240806643
1.0,0.931740614334471,0.931740614334471,1.0123609394313968,0.9203640500568828,1.0,1.0865265760197775,0.06825938566552903,1,0.07,0.0,0.9,0,879,879,0,879,0,70,0,0,809,70,0,70,0,819,60,819,60,0,60,0,10,819,60,819,60,0,60,0,819,0.0,0.0,0.0
1.0,0.9294653014789533,0.9294653014789533,1.0,0.9294653014789533,1.0,1.0758873929008568,0.07053469852104666,1,0.07,0.0,1,0,879,879,0,879,0,62,0,0,817,62,0,62,0,817,62,817,62,0,62,0,0,817,62,817,62,0,62,0,817,0.0,0.0,0.0
1.0,0.9226393629124005,0.9226393629124005,1.6238805970149253,0.38111490329920367,0.6707768187422934,1.7600382796253011,0.07736063708759955,1,0.6045969958520399,0.0,0.12,0,879,879,0,879,0,544,0,0,335,544,0,544,0,811,68,811,68,267,68,0,209,811,68,811,68,267,68,0,544,0.3037542662116041,0.7970149253731343,0.32922318125770655
1.0,0.7508532423208191,0.7508532423208191,1.3764367816091954,0.39590443686006827,0.7257575757575757,1.8331635318704282,0.24914675767918093,1,0.6045969958520399,0.0,0.44,0,879,879,0,879,0,531,0,0,348,531,0,531,0,660,219,660,219,181,219,0,131,660,219,660,219,181,219,0,479,0.20591581342434584,0.4525,0.27424242424242423
1.0,0.726962457337884,0.726962457337884,1.3076923076923077,0.4141069397042093,0.7449139280125195,1.7988443481401228,0.273037542662116,1,0.6045969958520399,0.0,0.5,0,879,879,0,879,0,515,0,0,364,515,0,515,0,639,240,639,240,163,240,0,112,639,240,639,240,163,240,0,476,0.18543799772468714,0.4044665012406948,0.25508607198748046
1.0,0.5745164960182025,0.5745164960182025,1.1592178770949721,0.4072810011376564,0.8217821782178217,2.017727750428674,0.42548350398179746,1,0.6045969958520399,0.0,0.7,0,879,879,0,879,0,521,0,0,358,521,0,521,0,505,374,505,374,90,374,0,57,505,374,505,374,90,374,0,415,0.10238907849829351,0.1939655172413793,0.1782178217821782
1.0,0.4664391353811149,0.4664391353811149,1.0751445086705202,0.39362912400455063,0.9073170731707317,2.305004934442408,0.5335608646188851,1,0.6045969958520399,0.0,0.9,0,879,879,0,879,0,533,0,0,346,533,0,533,0,410,469,410,469,38,469,0,26,410,469,410,469,38,469,0,372,0.04323094425483504,0.07495069033530571,0.09268292682926829
1.0,0.3924914675767918,0.3924914675767918,1.0,0.3924914675767918,1.0,2.5478260869565217,0.6075085324232081,1,0.6045969958520399,0.0,1,0,879,879,0,879,0,534,0,0,345,534,0,534,0,345,534,345,534,0,534,0,0,345,534,345,534,0,534,0,345,0.0,0.0,0.0
1.0,0.9385665529010239,0.9385665529010239,1.332046332046332,0.5893060295790671,0.8363636363636363,1.4192348192348192,0.061433447098976135,1,0.4380441195390018,0.0,0.12,0,879,879,0,879,0,361,0,0,518,361,0,361,0,825,54,825,54,135,54,0,172,825,54,825,54,135,54,0,690,0.15358361774744028,0.7142857142857143,0.16363636363636364
1.0,0.8088737201365188,0.8088737201365188,1.2535211267605635,0.565415244596132,0.8762306610407876,1.5497117727461815,0.19112627986348119,1,0.4380441195390018,0.0,0.44,0,879,879,0,879,0,382,0,0,497,382,0,382,0,711,168,711,168,88,168,0,126,711,168,711,168,88,168,0,623,0.10011376564277588,0.34375,0.12376933895921238
1.0,0.7963594994311718,0.7963594994311718,1.2377049180327868,0.5551763367463026,0.8628571428571429,1.5542037470725996,0.2036405005688282,1,0.4380441195390018,0.0,0.5,0,879,879,0,879,0,391,0,0,488,391,0,391,0,700,179,700,179,96,179,0,116,700,179,700,179,96,179,0,604,0.10921501706484642,0.3490909090909091,0.13714285714285715
1.0,0.7030716723549488,0.7030716723549488,1.1126482213438735,0.5756541524459613,0.9110032362459547,1.5825530526881308,0.29692832764505117,1,0.4380441195390018,0.0,0.7,0,879,879,0,879,0,373,0,0,506,373,0,373,0,618,261,618,261,55,261,0,57,618,261,618,261,55,261,0,563,0.06257110352673492,0.17405063291139242,0.0889967637540453
1.0,0.6382252559726962,0.6382252559726962,1.0557692307692308,0.5915813424345847,0.9786096256684492,1.654226655697244,0.3617747440273038,1,0.4380441195390018,0.0,0.9,0,879,879,0,879,0,359,0,0,520,359,0,359,0,561,318,561,318,12,318,0,29,561,318,561,318,12,318,0,549,0.013651877133105802,0.03636363636363636,0.0213903743315508
1.0,0.571103526734926,0.571103526734926,1.0,0.571103526734926,1.0,1.750996015936255,0.42889647326507396,1,0.4380441195390018,0.0,1,0,879,879,0,879,0,377,0,0,502,377,0,377,0,502,377,502,377,0,377,0,0,502,377,502,377,0,377,0,502,0.0,0.0,0.0
1.0,0.9101251422070534,0.9101251422070534,1.6057347670250897,0.3174061433447099,0.56,1.7643010752688173,0.08987485779294657,1,0.6867880709818588,0.0,0.12,0,879,879,0,879,0,600,0,0,279,600,0,600,0,800,79,800,79,352,79,0,169,800,79,800,79,352,79,0,448,0.4004550625711035,0.8167053364269141,0.44
1.0,0.70193401592719,0.70193401592719,1.3928571428571428,0.3185437997724687,0.6320907617504052,1.9843134984950221,0.29806598407281004,1,0.6867880709818588,0.0,0.44,0,879,879,0,879,0,599,0,0,280,599,0,599,0,617,262,617,262,227,262,0,110,617,262,617,262,227,262,0,390,0.2582480091012514,0.46421267893660534,0.3679092382495948
1.0,0.6712172923777019,0.6712172923777019,1.2983050847457627,0.33560864618885095,0.6491525423728813,1.9342545245619076,0.3287827076222981,1,0.6867880709818588,0.0,0.5,0,879,879,0,879,0,584,0,0,295,584,0,584,0,590,289,590,289,207,289,0,88,590,289,590,289,207,289,0,383,0.2354948805460751,0.4173387096774194,0.35084745762711866
1.0,0.5176336746302617,0.5176336746302617,1.1732851985559567,0.31513083048919227,0.7142857142857143,2.266632284682826,0.48236632536973834,1,0.6867880709818588,0.0,0.7,0,879,879,0,879,0,602,0,0,277,602,0,602,0,455,424,455,424,130,424,0,48,455,424,455,424,130,424,0,325,0.14789533560864618,0.23465703971119134,0.2857142857142857
1.0,0.41751990898748575,0.41751990898748575,1.0841750841750841,0.3378839590443686,0.8773841961852861,2.5967027220433216,0.5824800910125143,1,0.6867880709818588,0.0,0.9,0,879,879,0,879,0,582,0,0,297,582,0,582,0,367,512,367,512,45,512,0,25,367,512,367,512,45,512,0,322,0.051194539249146756,0.0807899461400359,0.1226158038147139
1.0,0.3014789533560865,0.3014789533560865,1.0,0.3014789533560865,1.0,3.3169811320754716,0.6985210466439136,1,0.6867880709818588,0.0,1,0,879,879,0,879,0,614,0,0,265,614,0,614,0,265,614,265,614,0,614,0,0,265,614,265,614,0,614,0,265,0.0,0.0,0.0
1.0,0.906712172923777,0.906712172923777,1.547703180212014,0.32195676905574516,0.5495608531994981,1.7069398938599252,0.09328782707622296,1,0.6846265301878728,0.0,0.12,0,879,879,0,879,0,596,0,0,283,596,0,596,0,797,82,797,82,359,82,0,155,797,82,797,82,359,82,0,438,0.40841865756541523,0.8140589569160998,0.4504391468005019
1.0,0.6564277588168373,0.6564277588168373,1.3927125506072875,0.28100113765642776,0.5961871750433275,2.1216539549112747,0.34357224118316265,1,0.6846265301878728,0.0,0.44,0,879,879,0,879,0,632,0,0,247,632,0,632,0,577,302,577,302,233,302,0,97,577,302,577,302,233,302,0,344,0.26507394766780434,0.4355140186915888,0.4038128249566724
1.0,0.6575654152445961,0.6575654152445961,1.3442028985507246,0.31399317406143346,0.6418685121107266,2.0442116744395964,0.3424345847554039,1,0.6846265301878728,0.0,0.5,0,879,879,0,879,0,603,0,0,276,603,0,603,0,578,301,578,301,207,301,0,95,578,301,578,301,207,301,0,371,0.2354948805460751,0.4074803149606299,0.35813148788927335
1.0,0.5358361774744027,0.5358361774744027,1.2275862068965517,0.32992036405005687,0.7558386411889597,2.2909729848451574,0.4641638225255973,1,0.6846265301878728,0.0,0.7,0,879,879,0,879,0,589,0,0,290,589,0,589,0,471,408,471,408,115,408,0,66,471,408,471,408,115,408,0,356,0.13083048919226395,0.2198852772466539,0.24416135881104034
1.0,0.3799772468714448,0.3799772468714448,1.0464285714285715,0.3185437997724687,0.8772455089820359,2.7539242942686055,0.6200227531285551,1,0.6846265301878728,0.0,0.9,0,879,879,0,879,0,599,0,0,280,599,0,599,0,334,545,334,545,41,545,0,13,334,545,334,545,41,545,0,293,0.04664391353811149,0.06996587030716724,0.12275449101796407
1.0,0.29465301478953354,0.29465301478953354,1.0,0.29465301478953354,1.0,3.393822393822394,0.7053469852104665,1,0.6846265301878728,0.0,1,0,879,879,0,879,0,620,0,0,259,620,0,620,0,259,620,259,620,0,620,0,0,259,620,259,620,0,620,0,259,0.0,0.0,0.0
1.0,0.9863481228668942,0.9863481228668942,1.0947503201024327,0.888509670079636,0.986159169550173,1.1099025736678643,0.013651877133105783,1,0.09761427049389959,0.0,0.12,0,879,879,0,879,0,98,0,0,781,98,0,98,0,867,12,867,12,12,12,0,74,867,12,867,12,12,12,0,855,0.013651877133105802,0.5,0.01384083044982699
1.0,0.9579067121729238,0.9579067121729238,1.0542244640605296,0.9021615472127418,0.9928741092636579,1.1005502421724531,0.04209328782707622,1,0.09761427049389959,0.0,0.44,0,879,879,0,879,0,86,0,0,793,86,0,86,0,842,37,842,37,6,37,0,43,842,37,842,37,6,37,0,836,0.006825938566552901,0.13953488372093023,0.007125890736342043
1.0,0.9453924914675768,0.9453924914675768,1.0538461538461539,0.8873720136518771,0.9891696750902527,1.1147181338517078,0.05460750853242324,1,0.09761427049389959,0.0,0.5,0,879,879,0,879,0,99,0,0,780,99,0,99,0,831,48,831,48,9,48,0,42,831,48,831,48,9,48,0,822,0.010238907849829351,0.15789473684210525,0.010830324909747292
1.0,0.9249146757679181,0.9249146757679181,1.0291139240506328,0.8987485779294653,1.0,1.1126582278481012,0.07508532423208192,1,0.09761427049389959,0.0,0.7,0,879,879,0,879,0,89,0,0,790,89,0,89,0,813,66,813,66,0,66,0,23,813,66,813,66,0,66,0,813,0.0,0.0,0.0
1.0,0.9089874857792947,0.9089874857792947,1.0062972292191437,0.9032992036405005,1.0,1.107052896725441,0.09101251422070533,1,0.09761427049389959,0.0,0.9,0,879,879,0,879,0,85,0,0,794,85,0,85,0,799,80,799,80,0,80,0,5,799,80,799,80,0,80,0,799,0.0,0.0,0.0
1.0,0.8953356086461889,0.8953356086461889,1.0,0.8953356086461889,1.0,1.1168996188055909,0.10466439135381111,1,0.09761427049389959,0.0,1,0,879,879,0,879,0,92,0,0,787,92,0,92,0,787,92,787,92,0,92,0,0,787,92,787,92,0,92,0,787,0.0,0.0,0.0
1.0,0.9863481228668942,0.9863481228668942,1.086624203821656,0.8930602957906713,0.9838523644752019,1.1016639851894299,0.013651877133105783,1,0.110251425275123,0.0,0.12,0,879,879,0,879,0,94,0,0,785,94,0,94,0,867,12,867,12,14,12,0,68,867,12,867,12,14,12,0,853,0.015927189988623434,0.5384615384615384,0.016147635524798153
1.0,0.944254835039818,0.944254835039818,1.0616174582798459,0.8862343572241184,0.9963855421686747,1.1242912600337163,0.055745164960182,1,0.110251425275123,0.0,0.44,0,879,879,0,879,0,100,0,0,779,100,0,100,0,830,49,830,49,3,49,0,48,830,49,830,49,3,49,0,827,0.0034129692832764505,0.057692307692307696,0.0036144578313253013
1.0,0.944254835039818,0.944254835039818,1.0378787878787878,0.9010238907849829,0.9903614457831326,1.0991511500547646,0.055745164960182,1,0.110251425275123,0.0,0.5,0,879,879,0,879,0,87,0,0,792,87,0,87,0,830,49,830,49,8,49,0,30,830,49,830,49,8,49,0,822,0.009101251422070534,0.14035087719298245,0.00963855421686747
1.0,0.9180887372013652,0.9180887372013652,1.0254777070063694,0.8930602957906713,0.9975216852540273,1.1169701418322164,0.08191126279863481,1,0.110251425275123,0.0,0.7,0,879,879,0,879,0,94,0,0,785,94,0,94,0,807,72,807,72,2,72,0,20,807,72,807,72,2,72,0,805,0.0022753128555176336,0.02702702702702703,0.0024783147459727386
1.0,0.8987485779294653,0.8987485779294653,1.0089514066496164,0.8896473265073948,0.9987341772151899,1.1226180841076112,0.10125142207053472,1,0.110251425275123,0.0,0.9,0,879,879,0,879,0,97,0,0,782,97,0,97,0,790,89,790,89,1,89,0,7,790,89,790,89,1,89,0,789,0.0011376564277588168,0.011111111111111112,0.0012658227848101266
1.0,0.8919226393629124,0.8919226393629124,1.0,0.8919226393629124,1.0,1.121173469387755,0.10807736063708762,1,0.110251425275123,0.0,1,0,879,879,0,879,0,95,0,0,784,95,0,95,0,784,95,784,95,0,95,0,0,784,95,784,95,0,95,0,784,0.0,0.0,0.0
1.0,0.9397042093287827,0.9397042093287827,1.595667870036101,0.31513083048919227,0.5351089588377724,1.698053338694592,0.060295790671217264,1,0.6932382942477107,0.0,0.12,0,879,879,0,879,0,602,0,0,277,602,0,602,0,826,53,826,53,384,53,0,165,826,53,826,53,384,53,0,442,0.43686006825938567,0.8787185354691075,0.4648910411622276
1.0,0.6951080773606371,0.6951080773606371,1.4054054054054055,0.29465301478953354,0.5957446808510638,2.0218516388729153,0.30489192263936293,1,0.6932382942477107,0.0,0.44,0,879,879,0,879,0,620,0,0,259,620,0,620,0,611,268,611,268,247,268,0,105,611,268,611,268,247,268,0,364,0.28100113765642776,0.4796116504854369,0.40425531914893614
1.0,0.6484641638225256,0.6484641638225256,1.336996336996337,0.310580204778157,0.6403508771929824,2.0617890881048773,0.3515358361774744,1,0.6932382942477107,0.0,0.5,0,879,879,0,879,0,606,0,0,273,606,0,606,0,570,309,570,309,205,309,0,92,570,309,570,309,205,309,0,365,0.23321956769055746,0.39883268482490275,0.35964912280701755
1.0,0.5301478953356087,0.5301478953356087,1.1954887218045114,0.3026166097838453,0.6824034334763949,2.2550098422020715,0.4698521046643913,1,0.6932382942477107,0.0,0.7,0,879,879,0,879,0,613,0,0,266,613,0,613,0,466,413,466,413,148,413,0,52,466,413,466,413,148,413,0,318,0.16837315130830488,0.2638146167557932,0.31759656652360513
1.0,0.40841865756541523,0.40841865756541523,1.0538720538720538,0.3378839590443686,0.871866295264624,2.580371964773079,0.5915813424345848,1,0.6932382942477107,0.0,0.9,0,879,879,0,879,0,582,0,0,297,582,0,582,0,359,520,359,520,46,520,0,16,359,520,359,520,46,520,0,313,0.05233219567690557,0.0812720848056537,0.12813370473537605
1.0,0.28896473265073946,0.28896473265073946,1.0,0.28896473265073946,1.0,3.4606299212598426,0.7110352673492606,1,0.6932382942477107,0.0,1,0,879,879,0,879,0,625,0,0,254,625,0,625,0,254,625,254,625,0,625,0,0,254,625,254,625,0,625,0,254,0.0,0.0,0.0
1.0,0.9146757679180887,0.9146757679180887,1.6869565217391305,0.2616609783845279,0.48258706467661694,1.8443218689162881,0.08532423208191131,1,0.7432694147983534,0.0,0.12,0,879,879,0,879,0,649,0,0,230,649,0,649,0,804,75,804,75,416,75,0,158,804,75,804,75,416,75,0,388,0.4732650739476678,0.8472505091649695,0.5174129353233831
1.0,0.6348122866894198,0.6348122866894198,1.3259911894273129,0.2582480091012514,0.5394265232974911,2.088792572592488,0.3651877133105802,1,0.7432694147983534,0.0,0.44,0,879,879,0,879,0,652,0,0,227,652,0,652,0,558,321,558,321,257,321,0,74,558,321,558,321,257,321,0,301,0.2923777019340159,0.444636678200692,0.460573476702509
1.0,0.6291240045506257,0.6291240045506257,1.3476394849785407,0.26507394766780434,0.5678119349005425,2.1420888016205013,0.37087599544937433,1,0.7432694147983534,0.0,0.5,0,879,879,0,879,0,646,0,0,233,646,0,646,0,553,326,553,326,239,326,0,81,553,326,553,326,239,326,0,314,0.27189988623435724,0.4230088495575221,0.4321880650994575
1.0,0.4880546075085324,0.4880546075085324,1.206008583690987,0.26507394766780434,0.655011655011655,2.471052552597617,0.5119453924914676,1,0.7432694147983534,0.0,0.7,0,879,879,0,879,0,646,0,0,233,646,0,646,0,429,450,429,450,148,450,0,48,429,450,429,450,148,450,0,281,0.16837315130830488,0.24749163879598662,0.34498834498834496
1.0,0.3378839590443686,0.3378839590443686,1.090497737556561,0.2514220705346985,0.8114478114478114,3.2274326980209334,0.6621160409556315,1,0.7432694147983534,0.0,0.9,0,879,879,0,879,0,658,0,0,221,658,0,658,0,297,582,297,582,56,582,0,20,297,582,297,582,56,582,0,241,0.06370875995449374,0.0877742946708464,0.18855218855218855
1.0,0.24232081911262798,0.24232081911262798,1.0,0.24232081911262798,1.0,4.126760563380282,0.757679180887372,1,0.7432694147983534,0.0,1,0,879,879,0,879,0,666,0,0,213,666,0,666,0,213,666,213,666,0,666,0,0,213,666,213,666,0,666,0,213,0.0,0.0,0.0
1.0,0.9237770193401593,0.9237770193401593,1.6317829457364341,0.2935153583617747,0.5184729064039408,1.7664251346087754,0.07622298065984068,1,0.7191751200725941,0.0,0.12,0,879,879,0,879,0,621,0,0,258,621,0,621,0,812,67,812,67,391,67,0,163,812,67,812,67,391,67,0,421,0.4448236632536974,0.8537117903930131,0.4815270935960591
1.0,0.6780432309442548,0.6780432309442548,1.3846153846153846,0.28100113765642776,0.5738255033557047,2.0420753742901394,0.3219567690557452,1,0.7191751200725941,0.0,0.44,0,879,879,0,879,0,632,0,0,247,632,0,632,0,596,283,596,283,254,283,0,95,596,283,596,283,254,283,0,342,0.28896473265073946,0.4729981378026071,0.4261744966442953
1.0,0.6609783845278726,0.6609783845278726,1.4208333333333334,0.27303754266211605,0.5869191049913941,2.1495912220309807,0.3390216154721274,1,0.7191751200725941,0.0,0.5,0,879,879,0,879,0,639,0,0,240,639,0,639,0,581,298,581,298,240,298,0,101,581,298,581,298,240,298,0,341,0.27303754266211605,0.44609665427509293,0.41308089500860584
1.0,0.47667804323094426,0.47667804323094426,1.273972602739726,0.24914675767918087,0.665871121718377,2.6726060090888284,0.5233219567690557,1,0.7191751200725941,0.0,0.7,0,879,879,0,879,0,660,0,0,219,660,0,660,0,419,460,419,460,140,460,0,60,419,460,419,460,140,460,0,279,0.15927189988623436,0.23333333333333334,0.3341288782816229
1.0,0.3333333333333333,0.3333333333333333,1.0413223140495869,0.2753128555176337,0.8600682593856656,3.12396694214876,0.6666666666666667,1,0.7191751200725941,0.0,0.9,0,879,879,0,879,0,637,0,0,242,637,0,637,0,293,586,293,586,41,586,0,10,293,586,293,586,41,586,0,252,0.04664391353811149,0.06539074960127592,0.13993174061433447
1.0,0.27417519908987487,0.27417519908987487,1.0,0.27417519908987487,1.0,3.6473029045643153,0.7258248009101251,1,0.7191751200725941,0.0,1,0,879,879,0,879,0,638,0,0,241,638,0,638,0,241,638,241,638,0,638,0,0,241,638,241,638,0,638,0,241,0.0,0.0,0.0
1.0,0.9692832764505119,0.9692832764505119,1.2540453074433657,0.7030716723549488,0.9096244131455399,1.2937861798623456,0.030716723549488067,1,0.31254386630105957,0.0,0.12,0,879,879,0,879,0,261,0,0,618,261,0,261,0,852,27,852,27,77,27,0,157,852,27,852,27,77,27,0,775,0.0875995449374289,0.7403846153846154,0.0903755868544601
1.0,0.8657565415244596,0.8657565415244596,1.1776315789473684,0.6916951080773607,0.9408672798948752,1.3602341102427553,0.13424345847554042,1,0.31254386630105957,0.0,0.44,0,879,879,0,879,0,271,0,0,608,271,0,271,0,761,118,761,118,45,118,0,108,761,118,761,118,45,118,0,716,0.051194539249146756,0.27607361963190186,0.05913272010512484
1.0,0.825938566552901,0.825938566552901,1.1550255536626917,0.6678043230944255,0.9338842975206612,1.3984400298478044,0.174061433447099,1,0.31254386630105957,0.0,0.5,0,879,879,0,879,0,292,0,0,587,292,0,292,0,726,153,726,153,48,153,0,91,726,153,726,153,48,153,0,678,0.05460750853242321,0.23880597014925373,0.06611570247933884
1.0,0.7770193401592719,0.7770193401592719,1.1033333333333333,0.6825938566552902,0.9692532942898975,1.4199560761346997,0.22298065984072812,1,0.31254386630105957,0.0,0.7,0,879,879,0,879,0,279,0,0,600,279,0,279,0,683,196,683,196,21,196,0,62,683,196,683,196,21,196,0,662,0.023890784982935155,0.0967741935483871,0.03074670571010249
1.0,0.7121729237770194,0.7121729237770194,1.0332778702163061,0.6837315130830489,0.9920127795527156,1.450880587731842,0.28782707622298065,1,0.31254386630105957,0.0,0.9,0,879,879,0,879,0,278,0,0,601,278,0,278,0,626,253,626,253,5,253,0,20,626,253,626,253,5,253,0,621,0.005688282138794084,0.01937984496124031,0.007987220447284345
1.0,0.6723549488054608,0.6723549488054608,1.0,0.6723549488054608,1.0,1.4873096446700507,0.32764505119453924,1,0.31254386630105957,0.0,1,0,879,879,0,879,0,288,0,0,591,288,0,288,0,591,288,591,288,0,288,0,0,591,288,591,288,0,288,0,591,0.0,0.0,0.0
1.0,0.9419795221843004,0.9419795221843004,1.4379391100702577,0.4857792946530148,0.7415458937198067,1.5265078233716864,0.058020477815699634,1,0.5090098397286162,0.0,0.12,0,879,879,0,879,0,452,0,0,427,452,0,452,0,828,51,828,51,214,51,0,187,828,51,828,51,214,51,0,614,0.2434584755403868,0.8075471698113208,0.2584541062801932
1.0,0.7906712172923777,0.7906712172923777,1.2725225225225225,0.5051194539249146,0.8129496402877698,1.6094205716507877,0.20932878270762234,1,0.5090098397286162,0.0,0.44,0,879,879,0,879,0,435,0,0,444,435,0,435,0,695,184,695,184,130,184,0,121,695,184,695,184,130,184,0,565,0.14789533560864618,0.4140127388535032,0.18705035971223022
1.0,0.7519908987485779,0.7519908987485779,1.2635294117647058,0.48350398179749715,0.8124054462934948,1.6802456171576046,0.24800910125142206,1,0.5090098397286162,0.0,0.5,0,879,879,0,879,0,454,0,0,425,454,0,454,0,661,218,661,218,124,218,0,112,661,218,661,218,124,218,0,537,0.1410693970420933,0.36257309941520466,0.1875945537065053
1.0,0.6405005688282139,0.6405005688282139,1.1468531468531469,0.4880546075085324,0.8738898756660746,1.7905575774137052,0.35949943117178607,1,0.5090098397286162,0.0,0.7,0,879,879,0,879,0,450,0,0,429,450,0,450,0,563,316,563,316,71,316,0,63,563,316,563,316,71,316,0,492,0.080773606370876,0.1834625322997416,0.1261101243339254
1.0,0.5563139931740614,0.5563139931740614,1.0582750582750582,0.4880546075085324,0.9284253578732107,1.902298110887068,0.4436860068259386,1,0.5090098397286162,0.0,0.9,0,879,879,0,879,0,450,0,0,429,450,0,450,0,489,390,489,390,35,390,0,25,489,390,489,390,35,390,0,454,0.03981797497155859,0.08235294117647059,0.07157464212678936
1.0,0.4891922639362912,0.4891922639362912,1.0,0.4891922639362912,1.0,2.044186046511628,0.5108077360637088,1,0.5090098397286162,0.0,1,0,879,879,0,879,0,449,0,0,430,449,0,449,0,430,449,430,449,0,449,0,0,430,449,430,449,0,449,0,430,0.0,0.0,0.0
1.0,0.9328782707622298,0.9328782707622298,1.562691131498471,0.3720136518771331,0.6231707317073171,1.6751286641306782,0.06712172923777016,1,0.6400921479172944,0.0,0.12,0,879,879,0,879,0,552,0,0,327,552,0,552,0,820,59,820,59,309,59,0,184,820,59,820,59,309,59,0,511,0.3515358361774744,0.8396739130434783,0.37682926829268293
1.0,0.7076222980659841,0.7076222980659841,1.4487632508833923,0.32195676905574516,0.6591639871382636,2.0473680024541827,0.2923777019340159,1,0.6400921479172944,0.0,0.44,0,879,879,0,879,0,596,0,0,283,596,0,596,0,622,257,622,257,212,257,0,127,622,257,622,257,212,257,0,410,0.24118316268486917,0.4520255863539446,0.3408360128617363
1.0,0.6473265073947668,0.6473265073947668,1.3617747440273038,0.3333333333333333,0.7012302284710018,2.1036906854130057,0.3526734926052332,1,0.6400921479172944,0.0,0.5,0,879,879,0,879,0,586,0,0,293,586,0,586,0,569,310,569,310,170,310,0,106,569,310,569,310,170,310,0,399,0.19340159271899887,0.3541666666666667,0.29876977152899825
1.0,0.5540386803185438,0.5540386803185438,1.1761006289308176,0.36177474402730375,0.7679671457905544,2.122777110534268,0.44596131968145625,1,0.6400921479172944,0.0,0.7,0,879,879,0,879,0,561,0,0,318,561,0,561,0,487,392,487,392,113,392,0,56,487,392,487,392,113,392,0,374,0.1285551763367463,0.22376237623762377,0.23203285420944558
1.0,0.4197952218430034,0.4197952218430034,1.077922077922078,0.3503981797497156,0.8997289972899729,2.567733079928202,0.5802047781569966,1,0.6400921479172944,0.0,0.9,0,879,879,0,879,0,571,0,0,308,571,0,571,0,369,510,369,510,37,510,0,24,369,510,369,510,37,510,0,332,0.04209328782707622,0.06764168190127971,0.1002710027100271
1.0,0.34015927189988626,0.34015927189988626,1.0,0.34015927189988626,1.0,2.9397993311036785,0.6598407281001137,1,0.6400921479172944,0.0,1,0,879,879,0,879,0,580,0,0,299,580,0,580,0,299,580,299,580,0,580,0,0,299,580,299,580,0,580,0,299,0.0,0.0,0.0
1.0,0.9146757679180887,0.9146757679180887,1.5649350649350648,0.3503981797497156,0.599502487562189,1.7109178135297538,0.08532423208191131,1,0.6548576155770539,0.0,0.12,0,879,879,0,879,0,571,0,0,308,571,0,571,0,804,75,804,75,322,75,0,174,804,75,804,75,322,75,0,482,0.366325369738339,0.8110831234256927,0.40049751243781095
1.0,0.7246871444823664,0.7246871444823664,1.404109589041096,0.3321956769055745,0.6436420722135008,1.9375389776563945,0.2753128555176336,1,0.6548576155770539,0.0,0.44,0,879,879,0,879,0,587,0,0,292,587,0,587,0,637,242,637,242,227,242,0,118,637,242,637,242,227,242,0,410,0.2582480091012514,0.4840085287846482,0.3563579277864992
1.0,0.6928327645051194,0.6928327645051194,1.3206349206349206,0.3583617747440273,0.6830870279146142,1.9061380874188758,0.30716723549488056,1,0.6548576155770539,0.0,0.5,0,879,879,0,879,0,564,0,0,315,564,0,564,0,609,270,609,270,193,270,0,101,609,270,609,270,193,270,0,416,0.21956769055745165,0.4168466522678186,0.3169129720853859
1.0,0.5426621160409556,0.5426621160409556,1.1824104234527688,0.3492605233219568,0.7610062893081762,2.178907258312335,0.4573378839590444,1,0.6548576155770539,0.0,0.7,0,879,879,0,879,0,572,0,0,307,572,0,572,0,477,402,477,402,114,402,0,56,477,402,477,402,114,402,0,363,0.1296928327645051,0.22093023255813954,0.2389937106918239
1.0,0.391353811149033,0.391353811149033,1.068259385665529,0.3333333333333333,0.9098837209302325,2.729651162790698,0.608646188850967,1,0.6548576155770539,0.0,0.9,0,879,879,0,879,0,586,0,0,293,586,0,586,0,344,535,344,535,31,535,0,20,344,535,344,535,31,535,0,313,0.03526734926052332,0.054770318021201414,0.09011627906976744
1.0,0.33447098976109213,0.33447098976109213,1.0,0.33447098976109213,1.0,2.989795918367347,0.6655290102389079,1,0.6548576155770539,0.0,1,0,879,879,0,879,0,585,0,0,294,585,0,585,0,294,585,294,585,0,585,0,0,294,585,294,585,0,585,0,294,0.0,0.0,0.0
1.0,0.9647326507394767,0.9647326507394767,1.3520871143375681,0.626848691695108,0.8785377358490566,1.4015148272437763,0.03526734926052333,1,0.3356295056975631,0.0,0.12,0,879,879,0,879,0,328,0,0,551,328,0,328,0,848,31,848,31,103,31,0,194,848,31,848,31,103,31,0,745,0.11717861205915814,0.7686567164179104,0.1214622641509434
1.0,0.863481228668942,0.863481228668942,1.2199312714776633,0.6621160409556314,0.9354413702239789,1.412805780802195,0.13651877133105805,1,0.3356295056975631,0.0,0.44,0,879,879,0,879,0,297,0,0,582,297,0,297,0,759,120,759,120,49,120,0,128,759,120,759,120,49,120,0,710,0.055745164960182024,0.28994082840236685,0.06455862977602109
1.0,0.8441410693970421,0.8441410693970421,1.1726495726495727,0.6655290102389079,0.9245283018867925,1.389163038219642,0.15585893060295786,1,0.3356295056975631,0.0,0.5,0,879,879,0,879,0,294,0,0,585,294,0,294,0,742,137,742,137,56,137,0,101,742,137,742,137,56,137,0,686,0.06370875995449374,0.29015544041450775,0.07547169811320754
1.0,0.7815699658703071,0.7815699658703071,1.0801963993453356,0.6951080773606371,0.9606986899563319,1.3820853493807133,0.21843003412969286,1,0.3356295056975631,0.0,0.7,0,879,879,0,879,0,268,0,0,611,268,0,268,0,687,192,687,192,27,192,0,49,687,192,687,192,27,192,0,660,0.030716723549488054,0.1232876712328767,0.039301310043668124
1.0,0.6939704209328783,0.6939704209328783,1.0308747855917668,0.6632536973833902,0.9852459016393442,1.4854736664510866,0.3060295790671217,1,0.3356295056975631,0.0,0.9,0,879,879,0,879,0,296,0,0,583,296,0,296,0,610,269,610,269,9,269,0,18,610,269,610,269,9,269,0,601,0.010238907849829351,0.03237410071942446,0.014754098360655738
1.0,0.6552901023890785,0.6552901023890785,1.0,0.6552901023890785,1.0,1.5260416666666667,0.3447098976109215,1,0.3356295056975631,0.0,1,0,879,879,0,879,0,303,0,0,576,303,0,303,0,576,303,576,303,0,303,0,0,576,303,576,303,0,303,0,576,0.0,0.0,0.0
1.0,0.9374288964732651,0.9374288964732651,1.515625,0.43686006825938567,0.7063106796116505,1.6167892900485437,0.0625711035267349,1,0.5616797065203499,0.0,0.12,0,879,879,0,879,0,495,0,0,384,495,0,495,0,824,55,824,55,242,55,0,198,824,55,824,55,242,55,0,582,0.2753128555176337,0.8148148148148148,0.2936893203883495
1.0,0.7815699658703071,0.7815699658703071,1.3281653746770026,0.4402730375426621,0.7481804949053857,1.6993556977308373,0.21843003412969286,1,0.5616797065203499,0.0,0.44,0,879,879,0,879,0,492,0,0,387,492,0,492,0,687,192,687,192,173,192,0,127,687,192,687,192,173,192,0,514,0.19681456200227532,0.473972602739726,0.25181950509461426
1.0,0.714448236632537,0.714448236632537,1.298050139275766,0.40841865756541523,0.7420382165605095,1.8168568032219718,0.285551763367463,1,0.5616797065203499,0.0,0.5,0,879,879,0,879,0,520,0,0,359,520,0,520,0,628,251,628,251,162,251,0,107,628,251,628,251,162,251,0,466,0.18430034129692832,0.3922518159806295,0.25796178343949044
1.0,0.6120591581342435,0.6120591581342435,1.183673469387755,0.4459613196814562,0.862453531598513,1.9339200364160534,0.3879408418657565,1,0.5616797065203499,0.0,0.7,0,879,879,0,879,0,487,0,0,392,487,0,487,0,538,341,538,341,74,341,0,72,538,341,538,341,74,341,0,464,0.08418657565415244,0.1783132530120482,0.137546468401487
1.0,0.4960182025028441,0.4960182025028441,1.051150895140665,0.4448236632536974,0.9426605504587156,2.119178066120744,0.5039817974971559,1,0.5616797065203499,0.0,0.9,0,879,879,0,879,0,488,0,0,391,488,0,488,0,436,443,436,443,25,443,0,20,436,443,436,443,25,443,0,411,0.02844141069397042,0.053418803418803416,0.05733944954128441
1.0,0.4527872582480091,0.4527872582480091,1.0,0.4527872582480091,1.0,2.2085427135678395,0.547212741751991,1,0.5616797065203499,0.0,1,0,879,879,0,879,0,481,0,0,398,481,0,481,0,398,481,398,481,0,481,0,0,398,481,398,481,0,481,0,398,0.0,0.0,0.0
1.0,0.9362912400455062,0.9362912400455062,1.4609929078014185,0.4812286689419795,0.7509113001215066,1.560404332876606,0.06370875995449377,1,0.5110476876612622,0.0,0.12,0,879,879,0,879,0,456,0,0,423,456,0,456,0,823,56,823,56,205,56,0,195,823,56,823,56,205,56,0,618,0.23321956769055746,0.7854406130268199,0.24908869987849333
1.0,0.782707622298066,0.782707622298066,1.2909930715935334,0.4926052332195677,0.8125,1.6493937644341803,0.217292377701934,1,0.5110476876612622,0.0,0.44,0,879,879,0,879,0,446,0,0,433,446,0,446,0,688,191,688,191,129,191,0,126,688,191,688,191,129,191,0,559,0.14675767918088736,0.403125,0.1875
1.0,0.7417519908987485,0.7417519908987485,1.2629107981220657,0.48464163822525597,0.8251533742331288,1.7026052017627236,0.25824800910125145,1,0.5110476876612622,0.0,0.5,0,879,879,0,879,0,453,0,0,426,453,0,453,0,652,227,652,227,114,227,0,112,652,227,652,227,114,227,0,538,0.1296928327645051,0.3343108504398827,0.17484662576687116
1.0,0.6302616609783845,0.6302616609783845,1.156177156177156,0.4880546075085324,0.8953068592057761,1.8344399283027442,0.36973833902161546,1,0.5110476876612622,0.0,0.7,0,879,879,0,879,0,450,0,0,429,450,0,450,0,554,325,554,325,58,325,0,67,554,325,554,325,58,325,0,496,0.06598407281001138,0.1514360313315927,0.10469314079422383
1.0,0.5358361774744027,0.5358361774744027,1.0498812351543942,0.4789533560864619,0.9384288747346072,1.9593324961798568,0.4641638225255973,1,0.5110476876612622,0.0,0.9,0,879,879,0,879,0,458,0,0,421,458,0,458,0,471,408,471,408,29,408,0,21,471,408,471,408,29,408,0,442,0.03299203640500569,0.06636155606407322,0.06157112526539278
1.0,0.4937428896473265,0.4937428896473265,1.0,0.4937428896473265,1.0,2.025345622119816,0.5062571103526735,1,0.5110476876612622,0.0,1,0,879,879,0,879,0,445,0,0,434,445,0,445,0,434,445,434,445,0,445,0,0,434,445,434,445,0,445,0,434,0.0,0.0,0.0
1.0,0.9897610921501706,0.9897610921501706,1.0665024630541873,0.9237770193401593,0.9954022988505747,1.0775352471547477,0.010238907849829393,1,0.07,0.0,0.12,0,879,879,0,879,0,67,0,0,812,67,0,67,0,870,9,870,9,4,9,0,54,870,9,870,9,4,9,0,866,0.004550625711035267,0.3076923076923077,0.004597701149425287
1.0,0.9704209328782708,0.9704209328782708,1.0441176470588236,0.9283276450511946,0.9988276670574443,1.075943038411144,0.029579067121729197,1,0.07,0.0,0.44,0,879,879,0,879,0,63,0,0,816,63,0,63,0,853,26,853,26,1,26,0,36,853,26,853,26,1,26,0,852,0.0011376564277588168,0.037037037037037035,0.0011723329425556857
1.0,0.9601820250284414,0.9601820250284414,1.0407911001236094,0.9203640500568828,0.9976303317535545,1.0839518684936644,0.03981797497155859,1,0.07,0.0,0.5,0,879,879,0,879,0,70,0,0,809,70,0,70,0,844,35,844,35,2,35,0,33,844,35,844,35,2,35,0,842,0.0022753128555176336,0.05405405405405406,0.002369668246445498
1.0,0.9465301478953356,0.9465301478953356,1.024660912453761,0.9226393629124005,0.9987980769230769,1.0825444014986245,0.05346985210466437,1,0.07,0.0,0.7,0,879,879,0,879,0,68,0,0,811,68,0,68,0,832,47,832,47,1,47,0,20,832,47,832,47,1,47,0,831,0.0011376564277588168,0.020833333333333332,0.001201923076923077
1.0,0.9431171786120591,0.9431171786120591,1.0048543689320388,0.9374288964732651,0.9987937273823885,1.065460784428543,0.056882821387940874,1,0.07,0.0,0.9,0,879,879,0,879,0,55,0,0,824,55,0,55,0,829,50,829,50,1,50,0,4,829,50,829,50,1,50,0,828,0.0011376564277588168,0.0196078431372549,0.0012062726176115801
1.0,0.9351535836177475,0.9351535836177475,1.0,0.9351535836177475,1.0,1.0693430656934306,0.06484641638225253,1,0.07,0.0,1,0,879,879,0,879,0,57,0,0,822,57,0,57,0,822,57,822,57,0,57,0,0,822,57,822,57,0,57,0,822,0.0,0.0,0.0
1.0,0.9135381114903299,0.9135381114903299,1.4840989399293287,0.32195676905574516,0.523038605230386,1.6245616042314817,0.08646188850967007,1,0.681709105125363,0.0,0.12,0,879,879,0,879,0,596,0,0,283,596,0,596,0,803,76,803,76,383,76,0,137,803,76,803,76,383,76,0,420,0.43572241183162685,0.8344226579520697,0.47696139476961397
1.0,0.7155858930602957,0.7155858930602957,1.3498233215547704,0.32195676905574516,0.6073131955484896,1.886319077339655,0.28441410693970426,1,0.681709105125363,0.0,0.44,0,879,879,0,879,0,596,0,0,283,596,0,596,0,629,250,629,250,247,250,0,99,629,250,629,250,247,250,0,382,0.28100113765642776,0.4969818913480885,0.39268680445151033
1.0,0.6598407281001137,0.6598407281001137,1.4475806451612903,0.2821387940841866,0.6189655172413793,2.1938334260289207,0.34015927189988626,1,0.681709105125363,0.0,0.5,0,879,879,0,879,0,631,0,0,248,631,0,631,0,580,299,580,299,221,299,0,111,580,299,580,299,221,299,0,359,0.2514220705346985,0.425,0.3810344827586207
1.0,0.552901023890785,0.552901023890785,1.2619926199261993,0.3083048919226394,0.7037037037037037,2.2824928249282492,0.447098976109215,1,0.681709105125363,0.0,0.7,0,879,879,0,879,0,608,0,0,271,608,0,608,0,486,393,486,393,144,393,0,71,486,393,486,393,144,393,0,342,0.16382252559726962,0.2681564245810056,0.2962962962962963
1.0,0.3651877133105802,0.3651877133105802,1.049056603773585,0.3014789533560865,0.8660436137071651,2.872650326221125,0.6348122866894198,1,0.681709105125363,0.0,0.9,0,879,879,0,879,0,614,0,0,265,614,0,614,0,321,558,321,558,43,558,0,13,321,558,321,558,43,558,0,278,0.048919226393629126,0.07154742096505824,0.13395638629283488
1.0,0.32081911262798635,0.32081911262798635,1.0,0.32081911262798635,1.0,3.117021276595745,0.6791808873720137,1,0.681709105125363,0.0,1,0,879,879,0,879,0,597,0,0,282,597,0,597,0,282,597,282,597,0,597,0,0,282,597,282,597,0,597,0,282,0.0,0.0,0.0
1.0,0.9215017064846417,0.9215017064846417,1.6,0.31285551763367464,0.5432098765432098,1.7362962962962962,0.07849829351535831,1,0.7213095427841234,0.0,0.12,0,879,879,0,879,0,604,0,0,275,604,0,604,0,810,69,810,69,370,69,0,165,810,69,810,69,370,69,0,440,0.42093287827076226,0.8428246013667426,0.4567901234567901
1.0,0.6700796359499431,0.6700796359499431,1.3782608695652174,0.2616609783845279,0.5382003395585738,2.0568612977042884,0.32992036405005687,1,0.7213095427841234,0.0,0.44,0,879,879,0,879,0,649,0,0,230,649,0,649,0,589,290,589,290,272,290,0,87,589,290,589,290,272,290,0,317,0.3094425483503982,0.48398576512455516,0.4617996604414261
1.0,0.6450511945392492,0.6450511945392492,1.3682008368200838,0.27189988623435724,0.5767195767195767,2.121073254964468,0.3549488054607508,1,0.7213095427841234,0.0,0.5,0,879,879,0,879,0,640,0,0,239,640,0,640,0,567,312,567,312,240,312,0,88,567,312,567,312,240,312,0,327,0.27303754266211605,0.43478260869565216,0.42328042328042326
1.0,0.5073947667804323,0.5073947667804323,1.2382978723404254,0.267349260523322,0.6524663677130045,2.4405018605094932,0.49260523321956773,1,0.7213095427841234,0.0,0.7,0,879,879,0,879,0,644,0,0,235,644,0,644,0,446,433,446,433,155,433,0,56,446,433,446,433,155,433,0,291,0.17633674630261661,0.26360544217687076,0.3475336322869955
1.0,0.3424345847554039,0.3424345847554039,1.0858369098712446,0.26507394766780434,0.840531561461794,3.1709323713515745,0.6575654152445961,1,0.7213095427841234,0.0,0.9,0,879,879,0,879,0,646,0,0,233,646,0,646,0,301,578,301,578,48,578,0,20,301,578,301,578,48,578,0,253,0.05460750853242321,0.07667731629392971,0.15946843853820597
1.0,0.2593856655290102,0.2593856655290102,1.0,0.2593856655290102,1.0,3.855263157894737,0.7406143344709898,1,0.7213095427841234,0.0,1,0,879,879,0,879,0,651,0,0,228,651,0,651,0,228,651,228,651,0,651,0,0,228,651,228,651,0,651,0,228,0.0,0.0,0.0
1.0,0.9579067121729238,0.9579067121729238,1.3016949152542372,0.6712172923777019,0.9121140142517815,1.3588952856395187,0.04209328782707622,1,0.3258615353051386,0.0,0.12,0,879,879,0,879,0,289,0,0,590,289,0,289,0,842,37,842,37,74,37,0,178,842,37,842,37,74,37,0,768,0.08418657565415244,0.6666666666666666,0.08788598574821853
1.0,0.8521046643913538,0.8521046643913538,1.1819727891156462,0.6689419795221843,0.9279038718291055,1.3871216043159589,0.1478953356086462,1,0.3258615353051386,0.0,0.44,0,879,879,0,879,0,291,0,0,588,291,0,291,0,749,130,749,130,54,130,0,107,749,130,749,130,54,130,0,695,0.06143344709897611,0.29347826086956524,0.07209612817089453
1.0,0.8395904436860068,0.8395904436860068,1.1552587646076795,0.6814562002275313,0.9376693766937669,1.3759789350815044,0.16040955631399323,1,0.3258615353051386,0.0,0.5,0,879,879,0,879,0,280,0,0,599,280,0,280,0,738,141,738,141,46,141,0,93,738,141,738,141,46,141,0,692,0.05233219567690557,0.24598930481283424,0.06233062330623306
1.0,0.7633674630261661,0.7633674630261661,1.098976109215017,0.6666666666666666,0.9597615499254843,1.4396423248882266,0.2366325369738339,1,0.3258615353051386,0.0,0.7,0,879,879,0,879,0,293,0,0,586,293,0,293,0,671,208,671,208,27,208,0,58,671,208,671,208,27,208,0,644,0.030716723549488054,0.1148936170212766,0.040238450074515646
1.0,0.6939704209328783,0.6939704209328783,1.0344827586206897,0.6598407281001137,0.9836065573770492,1.4906726964386658,0.3060295790671217,1,0.3258615353051386,0.0,0.9,0,879,879,0,879,0,299,0,0,580,299,0,299,0,610,269,610,269,10,269,0,20,610,269,610,269,10,269,0,600,0.011376564277588168,0.035842293906810034,0.01639344262295082
1.0,0.6757679180887372,0.6757679180887372,1.0,0.6757679180887372,1.0,1.47979797979798,0.32423208191126285,1,0.3258615353051386,0.0,1,0,879,879,0,879,0,285,0,0,594,285,0,285,0,594,285,594,285,0,285,0,0,594,285,594,285,0,285,0,594,0.0,0.0,0.0
1.0,0.926052332195677,0.926052332195677,1.5278592375366569,0.38794084186575656,0.64004914004914,1.6498627393055545,0.07394766780432305,1,0.600284035558845,0.0,0.12,0,879,879,0,879,0,538,0,0,341,538,0,538,0,814,65,814,65,293,65,0,180,814,65,814,65,293,65,0,521,0.3333333333333333,0.8184357541899442,0.35995085995085996
1.0,0.7360637087599545,0.7360637087599545,1.323699421965318,0.39362912400455063,0.7078825347758887,1.798348982855509,0.2639362912400455,1,0.600284035558845,0.0,0.44,0,879,879,0,879,0,533,0,0,346,533,0,533,0,647,232,647,232,189,232,0,112,647,232,647,232,189,232,0,458,0.2150170648464164,0.4489311163895487,0.2921174652241113
1.0,0.7030716723549488,0.7030716723549488,1.2861189801699717,0.40159271899886234,0.7346278317152104,1.8292857339310764,0.29692832764505117,1,0.600284035558845,0.0,0.5,0,879,879,0,879,0,526,0,0,353,526,0,526,0,618,261,618,261,164,261,0,101,618,261,618,261,164,261,0,454,0.18657565415244595,0.38588235294117645,0.26537216828478966
1.0,0.6018202502844141,0.6018202502844141,1.2318435754189945,0.4072810011376564,0.833648393194707,2.0468629542406354,0.3981797497155859,1,0.600284035558845,0.0,0.7,0,879,879,0,879,0,521,0,0,358,521,0,521,0,529,350,529,350,88,350,0,83,529,350,529,350,88,350,0,441,0.10011376564277588,0.2009132420091324,0.166351606805293
1.0,0.46188850967007966,0.46188850967007966,1.0449438202247192,0.4050056882821388,0.916256157635468,2.262329108319035,0.5381114903299203,1,0.600284035558845,0.0,0.9,0,879,879,0,879,0,523,0,0,356,523,0,523,0,406,473,406,473,34,473,0,16,406,473,406,473,34,473,0,372,0.038680318543799774,0.0670611439842209,0.08374384236453201
1.0,0.3924914675767918,0.3924914675767918,1.0,0.3924914675767918,1.0,2.5478260869565217,0.6075085324232081,1,0.600284035558845,0.0,1,0,879,879,0,879,0,534,0,0,345,534,0,534,0,345,534,345,534,0,534,0,0,345,534,345,534,0,534,0,345,0.0,0.0,0.0
1.0,0.9920364050056882,0.9920364050056882,1.0650306748466258,0.9271899886234357,0.9954128440366973,1.0735802330162663,0.007963594994311762,1,0.07,0.0,0.12,0,879,879,0,879,0,64,0,0,815,64,0,64,0,872,7,872,7,4,7,0,53,872,7,872,7,4,7,0,868,0.004550625711035267,0.36363636363636365,0.0045871559633027525
1.0,0.9647326507394767,0.9647326507394767,1.032967032967033,0.931740614334471,0.9976415094339622,1.0707287995023844,0.03526734926052333,1,0.07,0.0,0.44,0,879,879,0,879,0,60,0,0,819,60,0,60,0,848,31,848,31,2,31,0,27,848,31,848,31,2,31,0,846,0.0022753128555176336,0.06060606060606061,0.0023584905660377358
1.0,0.9726962457337884,0.9726962457337884,1.0352369380315918,0.9362912400455062,0.9964912280701754,1.064296220502654,0.027303754266211566,1,0.07,0.0,0.5,0,879,879,0,879,0,56,0,0,823,56,0,56,0,855,24,855,24,3,24,0,29,855,24,855,24,3,24,0,852,0.0034129692832764505,0.1111111111111111,0.0035087719298245615
1.0,0.9533560864618885,0.9533560864618885,1.0194647201946472,0.9351535836177475,1.0,1.0693430656934306,0.04664391353811148,1,0.07,0.0,0.7,0,879,879,0,879,0,57,0,0,822,57,0,57,0,838,41,838,41,0,41,0,16,838,41,838,41,0,41,0,838,0.0,0.0,0.0
1.0,0.9408418657565415,0.9408418657565415,1.0036452004860268,0.9362912400455062,0.9987908101571947,1.0667522747608436,0.059158134243458504,1,0.07,0.0,0.9,0,879,879,0,879,0,56,0,0,823,56,0,56,0,827,52,827,52,1,52,0,3,827,52,827,52,1,52,0,826,0.0011376564277588168,0.018867924528301886,0.0012091898428053204
1.0,0.9419795221843004,0.9419795221843004,1.0,0.9419795221843004,1.0,1.0615942028985508,0.058020477815699634,1,0.07,0.0,1,0,879,879,0,879,0,51,0,0,828,51,0,51,0,828,51,828,51,0,51,0,0,828,51,828,51,0,51,0,828,0.0,0.0,0.0
1.0,0.9658703071672355,0.9658703071672355,1.316326530612245,0.6689419795221843,0.911660777385159,1.3628398355808755,0.03412969283276446,1,0.3330594728841263,0.0,0.12,0,879,879,0,879,0,291,0,0,588,291,0,291,0,849,30,849,30,75,30,0,186,849,30,849,30,75,30,0,774,0.08532423208191127,0.7142857142857143,0.08833922261484099
1.0,0.8395904436860068,0.8395904436860068,1.1968641114982579,0.6530147895335608,0.9308943089430894,1.4255332710121527,0.16040955631399323,1,0.3330594728841263,0.0,0.44,0,879,879,0,879,0,305,0,0,574,305,0,305,0,738,141,738,141,51,141,0,113,738,141,738,141,51,141,0,687,0.05802047781569966,0.265625,0.06910569105691057
1.0,0.8282138794084186,0.8282138794084186,1.211367673179396,0.6405005688282139,0.9368131868131868,1.4626266273690784,0.17178612059158138,1,0.3330594728841263,0.0,0.5,0,879,879,0,879,0,316,0,0,563,316,0,316,0,728,151,728,151,46,151,0,119,728,151,728,151,46,151,0,682,0.05233219567690557,0.233502538071066,0.06318681318681318
1.0,0.7815699658703071,0.7815699658703071,1.099502487562189,0.6860068259385665,0.9650655021834061,1.406787025570836,0.21843003412969286,1,0.3330594728841263,0.0,0.7,0,879,879,0,879,0,276,0,0,603,276,0,276,0,687,192,687,192,24,192,0,60,687,192,687,192,24,192,0,663,0.027303754266211604,0.1111111111111111,0.034934497816593885
1.0,0.7246871444823664,0.7246871444823664,1.0246305418719213,0.6928327645051194,0.9795918367346939,1.413893636272243,0.2753128555176336,1,0.3330594728841263,0.0,0.9,0,879,879,0,879,0,270,0,0,609,270,0,270,0,637,242,637,242,13,242,0,15,637,242,637,242,13,242,0,624,0.01478953356086462,0.050980392156862744,0.02040816326530612
1.0,0.6837315130830489,0.6837315130830489,1.0,0.6837315130830489,1.0,1.4625623960066556,0.3162684869169511,1,0.3330594728841263,0.0,1,0,879,879,0,879,0,278,0,0,601,278,0,278,0,601,278,601,278,0,278,0,0,601,278,601,278,0,278,0,601,0.0,0.0,0.0
1.0,0.8998862343572241,0.8998862343572241,1.6810344827586208,0.26393629124004553,0.49304677623261695,1.8680522254675442,0.10011376564277585,1,0.7363914845655701,0.0,0.12,0,879,879,0,879,0,647,0,0,232,647,0,647,0,791,88,791,88,401,88,0,158,791,88,791,88,401,88,0,390,0.45620022753128553,0.820040899795501,0.506953223767383
1.0,0.6734926052332195,0.6734926052332195,1.360655737704918,0.2775881683731513,0.5608108108108109,2.020297961896323,0.3265073947667805,1,0.7363914845655701,0.0,0.44,0,879,879,0,879,0,635,0,0,244,635,0,635,0,592,287,592,287,260,287,0,88,592,287,592,287,260,287,0,332,0.29579067121729236,0.4753199268738574,0.4391891891891892
1.0,0.621160409556314,0.621160409556314,1.3004291845493563,0.26507394766780434,0.554945054945055,2.093548082818469,0.378839590443686,1,0.7363914845655701,0.0,0.5,0,879,879,0,879,0,646,0,0,233,646,0,646,0,546,333,546,333,243,333,0,70,546,333,546,333,243,333,0,303,0.2764505119453925,0.421875,0.44505494505494503
1.0,0.4800910125142207,0.4800910125142207,1.1963470319634704,0.24914675767918087,0.6208530805687204,2.491917158995001,0.5199089874857793,1,0.7363914845655701,0.0,0.7,0,879,879,0,879,0,660,0,0,219,660,0,660,0,422,457,422,457,160,457,0,43,422,457,422,457,160,457,0,262,0.1820250284414107,0.2593192868719611,0.3791469194312796
1.0,0.3447098976109215,0.3447098976109215,1.0593220338983051,0.2684869169510808,0.8250825082508251,3.0730827320020135,0.6552901023890785,1,0.7363914845655701,0.0,0.9,0,879,879,0,879,0,643,0,0,236,643,0,643,0,303,576,303,576,53,576,0,14,303,576,303,576,53,576,0,250,0.06029579067121729,0.08426073131955485,0.17491749174917492
1.0,0.27189988623435724,0.27189988623435724,1.0,0.27189988623435724,1.0,3.6778242677824267,0.7281001137656428,1,0.7363914845655701,0.0,1,0,879,879,0,879,0,640,0,0,239,640,0,640,0,239,640,239,640,0,640,0,0,239,640,239,640,0,640,0,239,0.0,0.0,0.0
